fy,nns_segment_rev_$M,nns_seg_op_income_$M,nns_op_margin_pct,implied_sub_rev_low_25pct_$M,implied_sub_rev_mid_30pct_$M,implied_sub_rev_high_35pct_$M,ffata_visible_hii_as_sub_$M,gap_ratio_30pct_vs_ffata,source_book
2019,5231.0,410.0,0.07837889504874784,1307.75,1569.3,1830.85,0.0,,FY2021 10-K
2020,5571.0,233.0,0.04182373003051517,1392.75,1671.3,1949.85,0.0,,FY2022 10-K
2021,5663.0,352.0,0.062157866855023836,1415.75,1698.8999999999999,1982.05,15.574211,109.08417768322259,FY2023 10-K
2022,5852.0,357.0,0.061004784688995214,1463.0,1755.6,2048.2,6.0,292.59999999999997,FY2024 10-K
2023,6133.0,379.0,0.06179683678460786,1533.25,1839.8999999999999,2146.5499999999997,0.18754842,9810.266596754054,FY2025 10-K
2024,5969.0,246.0,0.04121293348969677,1492.25,1790.7,2089.15,0.18480340999999997,9689.756265861113,FY2025 10-K
2025,6507.0,331.0,0.05086829568157369,1626.75,1952.1,2277.45,-0.024512279999999997,,FY2025 10-K
